depth,concentration
5.45033386,61.6080402
4.4463413,71.10552764
3.4533627,70.95477387
2.42562126,71.25628141
1.42799615,75.1758794
0.91343705,75.92964824
